Sun Sep 23 19:40:50 2018,1000155
Sun Sep 23 19:40:50 2018,1000216
Sun Sep 23 19:40:50 2018,1000753
Sun Sep 23 19:40:50 2018,1001516
Sun Sep 23 19:40:50 2018,1001661
Sun Sep 23 19:40:50 2018,1001876
Sun Sep 23 19:40:50 2018,1001894
Sun Sep 23 19:40:50 2018,1001987
Sun Sep 23 19:40:50 2018,1001998
Sun Sep 23 19:40:50 2018,1002151
Sun Sep 23 19:40:50 2018,1002193
Sun Sep 23 19:40:50 2018,1002262
Sun Sep 23 19:40:50 2018,1002360
Sun Sep 23 19:40:50 2018,1002441
Sun Sep 23 19:40:50 2018,1002471
Sun Sep 23 19:40:50 2018,1002499
Sun Sep 23 19:40:50 2018,1002623
Sun Sep 23 19:40:50 2018,1002658
Sun Sep 23 19:40:50 2018,1003379
Sun Sep 23 19:40:50 2018,1003422
Sun Sep 23 19:40:50 2018,1003542
Sun Sep 23 19:40:50 2018,1003547
Sun Sep 23 19:40:50 2018,1003633
Sun Sep 23 19:40:50 2018,1003707
Sun Sep 23 19:40:50 2018,1003729
Sun Sep 23 19:40:50 2018,1003739
Sun Sep 23 19:40:50 2018,1003862
Sun Sep 23 19:40:50 2018,1003874
Sun Sep 23 19:40:50 2018,1003900
Sun Sep 23 19:40:50 2018,1003910
Sun Sep 23 19:40:50 2018,1003912
Sun Sep 23 19:40:50 2018,1003920
Sun Sep 23 19:40:50 2018,1004051
Sun Sep 23 19:40:50 2018,1004056
Sun Sep 23 19:40:50 2018,1004144
Sun Sep 23 19:40:50 2018,1004317
Sun Sep 23 19:40:50 2018,1004324
Sun Sep 23 19:40:50 2018,1004350
Sun Sep 23 19:40:50 2018,1004416
Sun Sep 23 19:40:50 2018,1004456
Sun Sep 23 19:40:50 2018,1004517
Sun Sep 23 19:40:50 2018,1004541
Sun Sep 23 19:40:50 2018,1004549
Sun Sep 23 19:40:50 2018,1004552
Sun Sep 23 19:40:50 2018,1004572
Sun Sep 23 19:40:50 2018,1004582
Sun Sep 23 19:40:50 2018,1004584
Sun Sep 23 19:40:50 2018,1004621
Sun Sep 23 19:40:50 2018,1004629
Sun Sep 23 19:40:50 2018,1004663
Sun Sep 23 19:40:50 2018,1004671
Sun Sep 23 19:40:50 2018,1004701
Sun Sep 23 19:40:50 2018,1004716
Sun Sep 23 19:40:50 2018,1004728
Sun Sep 23 19:40:50 2018,1004751
Sun Sep 23 19:40:50 2018,1004756
Sun Sep 23 19:40:50 2018,1004764
Sun Sep 23 19:40:50 2018,1004766
Sun Sep 23 19:40:50 2018,1004767
Sun Sep 23 19:40:50 2018,1004771
Sun Sep 23 19:40:50 2018,1004780
Sun Sep 23 19:40:50 2018,1004781
Sun Sep 23 19:40:50 2018,1004783
Sun Sep 23 19:40:50 2018,1004791
Sun Sep 23 19:40:50 2018,1004793
Sun Sep 23 19:40:50 2018,1004799
Sun Sep 23 19:40:50 2018,1004807
Sun Sep 23 19:40:50 2018,1004812
Sun Sep 23 19:40:50 2018,1004815
Sun Sep 23 19:40:50 2018,1004894
Sun Sep 23 19:40:50 2018,1004901
Sun Sep 23 19:40:50 2018,1004922
Sun Sep 23 19:40:50 2018,1004986
Sun Sep 23 19:40:50 2018,1004990
Sun Sep 23 19:40:50 2018,1004995
Sun Sep 23 19:40:50 2018,1005000
Sun Sep 23 19:40:50 2018,1005006
Sun Sep 23 19:40:50 2018,1005041
Sun Sep 23 19:40:50 2018,1005057
Sun Sep 23 19:40:50 2018,1005058
Sun Sep 23 19:40:50 2018,1005061
Sun Sep 23 19:40:50 2018,1005064
Sun Sep 23 19:40:50 2018,1005085
Sun Sep 23 19:40:50 2018,1005086
Sun Sep 23 19:40:50 2018,1005113
Sun Sep 23 19:40:50 2018,1005127
Sun Sep 23 19:40:50 2018,1005140
Sun Sep 23 19:40:50 2018,1005143
Sun Sep 23 19:40:50 2018,1005144
Sun Sep 23 19:40:50 2018,1005146
Sun Sep 23 19:40:50 2018,1005181
Sun Sep 23 19:40:50 2018,1005191
Sun Sep 23 19:40:50 2018,1005194
Sun Sep 23 19:40:50 2018,1005200
Sun Sep 23 19:40:50 2018,1005203
Sun Sep 23 19:40:50 2018,1005204
Sun Sep 23 19:40:50 2018,1005210
Sun Sep 23 19:40:50 2018,1005211
Sun Sep 23 19:40:50 2018,1005220
Sun Sep 23 19:40:50 2018,1005224
Sun Sep 23 19:40:50 2018,1005229
Sun Sep 23 19:40:50 2018,1005230
Sun Sep 23 19:40:50 2018,1005231
Sun Sep 23 19:40:50 2018,1005235
Sun Sep 23 19:40:50 2018,1005239
Sun Sep 23 19:40:50 2018,1005244
Sun Sep 23 19:40:50 2018,1005248
Sun Sep 23 19:40:50 2018,1005262
Sun Sep 23 19:40:50 2018,1005264
Sun Sep 23 19:40:50 2018,1005265
Sun Sep 23 19:40:50 2018,1005270
Sun Sep 23 19:40:50 2018,1005277
Sun Sep 23 19:40:50 2018,1005282
Sun Sep 23 19:40:50 2018,1005286
Sun Sep 23 19:40:50 2018,1005293
Sun Sep 23 19:40:50 2018,1005302
Sun Sep 23 19:40:50 2018,1005306
Sun Sep 23 19:40:50 2018,1005308
Sun Sep 23 19:40:50 2018,1005310
Sun Sep 23 19:40:50 2018,1005312
Sun Sep 23 19:40:50 2018,1005313
Sun Sep 23 19:40:50 2018,1005314
Sun Sep 23 19:40:50 2018,1005315
Sun Sep 23 19:40:50 2018,1005319
Sun Sep 23 19:40:50 2018,1005336
Sun Sep 23 19:40:50 2018,1005338
Sun Sep 23 19:40:50 2018,1005340
Sun Sep 23 19:40:50 2018,1005342
Sun Sep 23 19:40:50 2018,1005344
Sun Sep 23 19:40:50 2018,1005345
Sun Sep 23 19:40:50 2018,1005350
Sun Sep 23 19:40:50 2018,1005355
Sun Sep 23 19:40:50 2018,1005357
Sun Sep 23 19:40:50 2018,1005379
Sun Sep 23 19:40:50 2018,1005385
Sun Sep 23 19:40:50 2018,1005393
Sun Sep 23 19:40:50 2018,1005400
Sun Sep 23 19:40:50 2018,1005401
Sun Sep 23 19:40:50 2018,1005414
Sun Sep 23 19:40:50 2018,1005424
Sun Sep 23 19:40:50 2018,1005462
Sun Sep 23 19:40:50 2018,1005505
Sun Sep 23 19:40:50 2018,1005521
Sun Sep 23 19:40:50 2018,1005522
Sun Sep 23 19:40:50 2018,1005533
Sun Sep 23 19:40:50 2018,1005542
Sun Sep 23 19:40:50 2018,1005552
Sun Sep 23 19:40:50 2018,1005580
Sun Sep 23 19:40:50 2018,1005585
Sun Sep 23 19:40:50 2018,1005587
Sun Sep 23 19:40:50 2018,1005594
Sun Sep 23 19:40:50 2018,1005597
Sun Sep 23 19:40:50 2018,1005618
Sun Sep 23 19:40:50 2018,1005620
Sun Sep 23 19:40:50 2018,1005627
Sun Sep 23 19:40:50 2018,1005632
Sun Sep 23 19:40:50 2018,1005658
Sun Sep 23 19:40:50 2018,1005669
Sun Sep 23 19:40:50 2018,1005670
Sun Sep 23 19:40:50 2018,1005677
Sun Sep 23 19:40:50 2018,1005712
Sun Sep 23 19:40:50 2018,1005732
Sun Sep 23 19:40:50 2018,1005742
